-- phpMyAdmin SQL Dump
-- version 4.1.14
-- http://www.phpmyadmin.net
--
-- Client :  127.0.0.1
-- Généré le :  Ven 29 Avril 2016 à 11:12
-- Version du serveur :  5.6.17
-- Version de PHP :  5.5.12

SET SQL_MODE = "NO_AUTO_VALUE_ON_ZERO";
SET time_zone = "+00:00";


/*!40101 SET @OLD_CHARACTER_SET_CLIENT=@@CHARACTER_SET_CLIENT */;
/*!40101 SET @OLD_CHARACTER_SET_RESULTS=@@CHARACTER_SET_RESULTS */;
/*!40101 SET @OLD_COLLATION_CONNECTION=@@COLLATION_CONNECTION */;
/*!40101 SET NAMES utf8 */;

--
-- Base de données :  `recette`
--

-- --------------------------------------------------------

--
-- Structure de la table `continent`
--

CREATE TABLE IF NOT EXISTS `continent` (
  `id` int(10) unsigned NOT NULL AUTO_INCREMENT,
  `lintitule` varchar(60) NOT NULL,
  PRIMARY KEY (`id`),
  UNIQUE KEY `lintitule_UNIQUE` (`lintitule`)
) ENGINE=InnoDB  DEFAULT CHARSET=utf8 AUTO_INCREMENT=6 ;

--
-- Contenu de la table `continent`
--

INSERT INTO `continent` (`id`, `lintitule`) VALUES
(4, 'Afrique'),
(5, 'Amérique'),
(2, 'Asie'),
(3, 'Europe'),
(1, 'Océanie');

-- --------------------------------------------------------

--
-- Structure de la table `droit`
--

CREATE TABLE IF NOT EXISTS `droit` (
  `id` int(10) unsigned NOT NULL AUTO_INCREMENT,
  `lintitule` varchar(80) NOT NULL,
  `ecrit` tinyint(1) NOT NULL,
  `modif` tinyint(1) NOT NULL,
  `sup` tinyint(1) NOT NULL,
  PRIMARY KEY (`id`)
) ENGINE=InnoDB  DEFAULT CHARSET=utf8 AUTO_INCREMENT=4 ;

--
-- Contenu de la table `droit`
--

INSERT INTO `droit` (`id`, `lintitule`, `ecrit`, `modif`, `sup`) VALUES
(1, 'admin', 1, 1, 1),
(2, 'modo', 1, 1, 0),
(3, 'redac', 1, 0, 0);

-- --------------------------------------------------------

--
-- Structure de la table `pays`
--

CREATE TABLE IF NOT EXISTS `pays` (
  `id` int(10) unsigned NOT NULL AUTO_INCREMENT,
  `lintitule` varchar(100) NOT NULL,
  `ladesc` text NOT NULL,
  `continent_id` int(10) unsigned NOT NULL,
  `img` text,
  PRIMARY KEY (`id`),
  KEY `fk_sous-cat-pays_continent_idx` (`continent_id`)
) ENGINE=InnoDB  DEFAULT CHARSET=utf8 AUTO_INCREMENT=16 ;

--
-- Contenu de la table `pays`
--

INSERT INTO `pays` (`id`, `lintitule`, `ladesc`, `continent_id`, `img`) VALUES
(1, 'Australie', 'La cuisine australienne contemporaine combine des origines indigènes et britanniques avec des influences méditerranéennes et asiatiques. L''Australie a des ressources naturelles abondantes et les Australiens ont accès à un large choix de viandes de qualité. Faire griller de l''agneau et du bœuf en plein air est une vieille tradition. La grande majorité des Australiens vivant près de la mer, les restaurants de fruits de mer australiens sont classés parmi les meilleurs du monde.', 1, 'https://upload.wikimedia.org/wikipedia/commons/thumb/8/88/Flag_of_Australia_%28converted%29.svg/160px-Flag_of_Australia_%28converted%29.svg.png'),
(2, 'Nouvelle Zélande', 'La culture de la Nouvelle-Zélande est une synthèse des cultures autochtones et des cultures importées plus récemment. Les premiers habitants de la Nouvelle-Zélande apportent les mœurs et langues polynésiennes et y développent leur propre culture maori et moriori. Les colons britanniques arrivent au XIXe siècle apportant leur culture et ont un effet dramatique sur les Maori, les introduisant aux traditions religieuses chrétiennes (principalement protestantes) et à la langue anglaise. La culture maori influencera également les colons ; de ce mélange on vit l''émergence d''une culture pakndaise d''origine européenne). La récente immigration depuis les pays du Pacifique, l''Asie de l''Est et l''Asie du Sud a contribué au continuel mélange des cultures du pays.\n\nCuisine maori\n\nLa cuisine maori pré-coloniale dérivait de celle de Polynésie tropicale, adaptée aux ingrédients présents dans le climat plus froid du pays. Parmi les ingrédients les plus importants on trouve la kūmara (une espèce de patate douce), la racine de fougère, le taro, et plusieurs espèces d''oiseaux et poissons. Les Maori cuisinaient dans les hāngi (fours de terre), grillaient ou faisaient bouillir ou cuire à la vapeur (ces deux derniers surtout dans les régions à activité géothermale en utilisant les sources). Ils préservaient les oiseaux et autres ingrédients de plusieurs manières. Les Maori furent l''un des seuls peuples à ne pas connaître de boisson alcoolisée.\n\nÀ la suite de la colonisation les Maori adoptèrent beaucoup d''éléments de cuisine européenne, particulièrement les pommes de terre et le porc, ce second transformant l''économie agricole maori. Beaucoup de sources de la cuisine traditionnelle devinrent rares au fur et à mesure que de nouveaux prédateurs furent introduits dans le pays, diminuant en particulier les populations d''oiseaux ; l''industrie forestière détruisit bonne partie des forêts pour le bois ou pour faire de la place pour l''agriculture. Les produits de la mer traditionnels, dont la toheroa et le whitebait, furent surpêchés.\n\nAujourd''hui la cuisine maori est un mélange des traditions maori et anglaise avec quelques plats contemporains.\nCuisine pakeha\n\nLa plus grande partie des Pakeha étant d''origine britannique, il est normal de trouver surtout des éléments de cuisine britannique dans leur cuisine. Les colons britanniques essayèrent autant que possible de reproduire les plats qu''ils avaient connus dans leur pays d''origine. La principale différence entre la cuisine britannique et pakeha était que la viande était beaucoup plus abondante, et ce pour toutes les classes sociales en Nouvelle-Zélande. La cuisine pakeha reste assez carnivore, quoique la consommation de viande rouge ait diminué dans les dernières décennies. Tout comme les Britanniques, les Pakeha ont beaucoup apprécié les plats sucrés ; la cuisine pakeha consiste en partie d''une grande variété de ceux-ci, que ce soient des gâteaux, des scones, des muffins et autres desserts.\n\nAu cours des dernières décennies, les Pakeha ont découvert la « cuisine ethnique », à l''origine de l''émergence d''une culture dite « foodie ». La majeure partie de la cuisine pakeha reste néanmoins fortement influencée par la cuisine britannique actuelle, quoique certains chefs néo-zélandais, dont Peter Gordon, aient joué un rôle majeur dans la création d''une Cuisine fusion.\nAutres cuisines\n\nLes Néo-Zélandais étant de plus en plus ethniquement divers, la plupart des immigrants essaient de reproduire leurs cuisines natives ou plats nationaux en Nouvelle-Zélande. Les « restaurants ethniques » servent de lieux de rencontre pour leur communauté respective et donnent une possibilité aux autres Néo-Zélandais de goûter à d''autres cuisines.', 1, 'https://upload.wikimedia.org/wikipedia/commons/thumb/3/3e/Flag_of_New_Zealand.svg/160px-Flag_of_New_Zealand.svg.png'),
(3, 'Japon', 'La cuisine japonaise peut être définie strictement comme la cuisine traditionnelle du Japon, appelée en japonais nihon ryōri (日本料理?) ou washoku (和食?) précédant l''ère Meiji, par opposition à la cuisine yōshoku (洋食, cuisine de l''Ouest?) répandue au Japon qui tire ses origines de l''importation et l''adaptation de plats occidentaux à la suite de l''abrogation du sakoku (fermeture du pays) par l''empereur Meiji. Elle est constituée de poissons, de riz ou de nouilles, de légumes et d''algues, généralement assaisonnés avec des condiments locaux.\n\nLa saveur umami (うまみ?) est présente dans de nombreux plats ; la viande est en général absente de la cuisine traditionnelle. Il est fréquent de manger en accompagnement lors d''un repas une petite soupe ainsi que des légumes macérés appelés tsukemono, le tout en utilisant des baguettes. Les plats les plus typiques sont les sushis et les sashimis, les nouilles udon et soba, les plats à la sauce teriyaki, ainsi que le tōfu et le nattō. Les Japonais ont aussi importé des recettes qui ont été adaptées et sont ensuite devenues des classiques comme les fritures tenpura, le katsudon, le riz au curry ou les rāmen. Il existe également des boissons (thé, alcool de riz) et des pâtisseries (wagashi) typiquement japonaises. On trouve de nombreux ustensiles spécifiques à cette cuisine, notamment des couteaux, l''art de la coupe étant très développé au Japon.', 2, 'https://upload.wikimedia.org/wikipedia/commons/thumb/9/9e/Flag_of_Japan.svg/120px-Flag_of_Japan.svg.png'),
(4, 'Chine', 'La cuisine chinoise (chinois simplifié : 中国菜 ; chinois traditionnel : 中國菜 ; pinyin : zhōngguó cài) est une des plus réputées au monde, et sans doute celle qui comporte le plus de variations. Il faut plutôt parler de cuisines chinoises car l’aspect régional est fondamental. Malgré une continuité remarquable dans l’histoire de cette cuisine, l’apparition de cuisines régionales telles que nous les connaissons aujourd’hui est un phénomène assez récent, datant souvent du XIXe siècle1. La première grande division régionale est celle du blé, plus anciennement millet au Nord et du riz au Sud.\n\nIl existe de nombreuses cuisines régionales dont les plus connues et les plus répandues, en ordre géographique, sont celles du Shandong (鲁菜, lŭcài), du Jiangsu (苏菜, sūcài), de l’Anhui (wǎncài, 皖菜), du Zhejiang (浙菜, zhècài), du Fujian (闽菜, mǐncài), du Guangdong (粤菜, yuècài), du Hunan (湘菜, xiāngcài) et du Sichuan (川菜, chuāncài), appelées traditionnellement avec un peu de subjectivité, les huit grandes cuisines régionales (八大菜系, bādà càixì) de Chine.', 2, 'https://upload.wikimedia.org/wikipedia/commons/thumb/f/fa/Flag_of_the_People%27s_Republic_of_China.svg/120px-Flag_of_the_People%27s_Republic_of_China.svg.png'),
(5, 'Belgique', 'pou', 3, 'https://upload.wikimedia.org/wikipedia/commons/thumb/6/65/Flag_of_Belgium.svg/92px-Flag_of_Belgium.svg.png'),
(6, 'Espagne', 'La cuisine espagnole procède, pour l''essentiel, de la diète méditerranéenne. La diversité des régions et terroirs de l''Espagne, en fait une cuisine très variée et réputée1,2.\n\nLa gastronomie espagnole a été influencée par ses nombreuses découvertes, lors des différentes conquêtes en Amérique latine, en Asie, en Afrique : diverses épices et nouveaux aliments en sont rapportés comme les tomates, les pommes de terre, la vanille, différentes sortes de pois, le chocolat, mais aussi par ses longues occupations : phénicienne, grecque, romaine et surtout maure3, chacune apportant des épices, des aliments comme les amandes, les oranges, les citrons et une manière de préparer un mets.\n\nLa grande diversité géographique, culturelle et climatique du territoire, laisse également ses empreintes dans la cuisine4,5. Chaque région a ses spécialités : ainsi, l''Espagne étant bordée par la mer, de nombreux plats sont à base de poissons et de fruits de mers, mais dans les montagnes, ce sont confectionnés des plats plus ruraux ; c''est de là que vient aussi son célèbre jamón ainsi que son chorizo. Dans le sud de l''Espagne, par exemple en Andalousie, des spécialités froides, comme le Gaspacho sont nées. Tout cela explique la richesse de cette cuisine6,7,8.\n\nLes tapas restent avec la paella, les mets les plus connus d''Espagne9,10, or les tapas sont en fait des plats typiquement espagnols présentés en petite quantité pour grignoter. Ainsi, de nombreux restaurants proposent dans leurs menus, la formule "tapa" (correspondant à une petite assiette), "media-racion" (correspondant à la moitié d''une grande assiette) et "ración" (correspondant à une grande assiette). La paella peut de ce fait, se demander alors en "tapa" ou en "ración" c''est-à-dire, en plat entier11.\nPlato combinado\n\nEl "plato combinado", très présent dans les restaurants en Espagne, constitue un repas généralement consommé le midi. Il est constitué d''une viande grillée servie avec un œuf au plat, des frites et une salade. Il en existe différentes combinaisons avec, chorizo grillé, croquetas ou poissons.\n\nLa cuisine espagnole possède, par ailleurs, des racines religieuses très profondes12 : de nombreux mets sucrés et salés en sont issus. Certains étaient préparés uniquement durant des périodes précises de fête religieuse, comme le hornazo de Salamanca, qui se mangeait traditionnellement durant la semaine sainte et que l''on peut trouver dorénavant toute l''année.\n\nL''huile d''olive est très utilisée dans la confection des plats, l''Espagne étant le premier producteur au monde de ce produit, selon le Conseil Oléicole International13 (elle compte plus de 250 variétés d''huiles d''olive majoritairement produites en Andalousie, avec 27 appellations d''origine). Le poivron, l''ail, la tomate et l''oignon, sont les ingrédients qui se retrouvent à la base de la plupart des plats cuisinés. Elle utilise de nombreuses épices comme le safran, le pimentón (poivrons séchés moulus doux ou fort), le cumin, la cannelle. C''est une cuisine qui mêle aussi souvent le sucré et le salé, héritage des Maures.\n\nDe nombreux plats sont mijotés dans des plats en terre cuite ou en argile, ou dans la poêle typiquement espagnole, la paellera. La plancha, qui est une plaque de cuisson inventée au XIXe siècle par les espagnols, est très utilisée pour griller aussi bien les viandes et chorizos que les légumes. Autre spécialité très répandue, les grillades de viande : on trouve de nombreux restaurants spécialisés appelés asadores ou mesón qui proposent notamment le "cochon de lait", un plat typique et très répandu en Espagne.\n\nLa viticulture y est aussi très importante. L''Espagne possède de grands cépages et une grande variété de vins, dont voici quelques exemples, Godello, Albariño, Xarel-lo, Pedro Ximenez pour les vins blancs, Tempranillo, Monastrell, Mencia, Bobal, Carignan pour les vins rouges, les vins de la région de Jerez et les Finos, Manzanillas, Amontillados, Olorosos, Palos Cortados, Montilla-Moriles, ou encore les vins de La Rioja et de la Ribera del Duero. Aujourd''hui, le vignoble espagnol a une superficie de plus de 1 100 000 hectares, ce qui en fait le premier au monde.Il est cependant en baisse, l''Espagne ayant perdu 52 000 hectares entre 2008 et 200914.\nConserve de moules à l''escabèche\nLomo de porc et riz safrané\n\nLe jambon ibérique ou le jambon serrano, le chorizo et le lomo restent les produits incontournables de la gastronomie espagnole. Le plus réputé étant le Bellota Bellota (appellation d''origine) plus couramment appelé la "Pata Negra" et correspondant à un jambon ibérique 100% .\n\nLes conserves sont une autre spécialité espagnole : elles sont notamment à base de poissons et de fruits de mers. Avec les bocaux de légumes (poivrons, champignons, oignons), elles font partie intégrante de la gastronomie espagnole et sont souvent servies en tapas.', 3, 'https://upload.wikimedia.org/wikipedia/commons/thumb/9/9a/Flag_of_Spain.svg/120px-Flag_of_Spain.svg.png'),
(7, 'Maroc', 'La cuisine marocaine est une cuisine méditerranéenne caractérisée par sa variété de plats d''origine principalement arabe et berbère avec des influences juives . Malgré ses traits communs avec les cuisines des autres pays nord-africains, la cuisine marocaine a su conserver son originalité et ses spécificités culturelles uniques. Elle a été classée deuxième cuisine au monde.', 4, 'https://upload.wikimedia.org/wikipedia/commons/thumb/2/2c/Flag_of_Morocco.svg/120px-Flag_of_Morocco.svg.png'),
(8, 'Côte d''Ivoire', 'Elle est issue des différents plats provenant de tous les groupes ethniques qui vivent dans le pays. Elle est en général très pimentée. La contribution de l''immigration joue également un rôle dans la conception de la cuisine ivoirienne.', 4, 'https://upload.wikimedia.org/wikipedia/commons/thumb/f/fe/Flag_of_C%C3%B4te_d%27Ivoire.svg/120px-Flag_of_C%C3%B4te_d%27Ivoire.svg.png'),
(9, 'Mexique', 'La cuisine mexicaine est considérée comme très variée de par son héritage préhispanique et européen (principalement espagnol), avec des influences des cuisines africaines, caraïbes, asiatiques et moyen-orientales.[réf. nécessaire]\n\nLa base traditionnelle de cette cuisine est le maïs, ainsi que d''autres aliments d''origine autochtone comme le haricot, l''avocat et la tomate.\n\n« La cuisine traditionnelle mexicaine - culture communautaire, vivante et ancestrale, le paradigme de Michoacán » a été inscrite au patrimoine culturel immatériel de l''UNESCO le 16 novembre 2010.\n\nLes plats et boissons énergisantes cités dans l''article ne font pas tous partie de l''inscription au patrimoine immatériel de l''UNESCO, certains sont d''origine étrangère, d''autres des inventions très récentes et/ou sans connexion avec les traditions culinaires du pays. Certains sont même servis dans les restaurants mexicains comme étant de la cuisine internationale.', 5, 'https://upload.wikimedia.org/wikipedia/commons/thumb/f/fc/Flag_of_Mexico.svg/140px-Flag_of_Mexico.svg.png'),
(10, 'USA', 'La cuisine des États-Unis est extrêmement diversifiée et difficile à définir, les États-Unis ayant attiré des immigrants du monde entier, apportant chacun leur culture et leurs goûts culinaires.\n\nD''une certaine façon la cuisine américaine est considérée comme une synthèse des cuisines du monde, les principaux apports étant allemand, hollandais et irlandais et leurs influences perdurant jusqu''à nos jours. La cuisine amérindienne compte également beaucoup : les recettes traditionnelles des Indiens d''Alabama sont préservées et protégées comme un patrimoine culturel.', 5, 'https://upload.wikimedia.org/wikipedia/commons/thumb/e/e2/Flag_of_the_United_States_%28Pantone%29.svg/152px-Flag_of_the_United_States_%28Pantone%29.svg.png'),
(11, 'Italie', 'La cuisine italienne se caractérise par la variété des produits utilisés ainsi que par une grande diversité régionale. Elle repose essentiellement sur la diète méditerranéenne faite de produits frais, mais aussi d''éléments n''en faisant pas partie comme les fromages ou la charcuterie.', 3, 'https://upload.wikimedia.org/wikipedia/commons/thumb/0/03/Flag_of_Italy.svg/120px-Flag_of_Italy.svg.png'),
(12, 'Portugal', 'La cuisine portugaise est la cuisine traditionnelle du Portugal.\r\n\r\nTrop peu connue, la richesse du patrimoine culinaire portugais pourrait rivaliser avec celle de la Chine ou de la France.\r\n\r\nCurnonsky le prince de la gastronomie a décrit la cuisine des régions françaises en 325 recettes, mais dans son livre "Cozinha Tradicional Portuguesa" Maria_de_Lourdes_Modesto citée comme la "Portugal''s Julia Child"[1] par le New York Times en 1987, nous en présente environ 800 qu''elle a mis deux décennies à recueillir.\r\n\r\nL''influence de l''océan Atlantique ( produits de la mer), la tradition méditerranéenne (pain, vin, huile d''olive, agrumes) et les saveurs rapportés des anciennes colonies (épices), viennent enrichir les plats à base de viandes (sauvages ou d''élevage) et de légumes.\r\n\r\nLe climat et la géographie variée permettent l''acclimatation de nombreux végétaux venus de tous les continents.', 3, 'https://upload.wikimedia.org/wikipedia/commons/thumb/5/5c/Flag_of_Portugal.svg/120px-Flag_of_Portugal.svg.png'),
(13, 'Suède', 'La cuisine suédoise est constituée principalement de pommes de terre et d''autres légumes-racines (comme le rutabaga), de viande (gibiers populaires en Suède, par exemple l''élan, lard), de poissons (par exemple morue et hareng), et de diverses céréales. Les écrevisses sont populaires vers la fin de l''été.\r\n\r\nEn Suède, le terme « husmanskost » est utilisé pour décrire la nourriture qu''on mange les jours de semaine, nourriture souvent facile et lourde, mais qui prend souvent beaucoup de temps. L''utilisation d''épices est réduite.\r\n\r\nLes plats considérés comme suédois au niveau international sont, entre autres, les köttbullars (boulettes de viande), les falukorvs (saucisses), le pain croquant suédois et les polkagris (bonbons). Les champignons comestibles, tels que les chanterelles, les cèpes et les chanterelles en tube, sont considérés comme une délicatesse.', 3, 'https://upload.wikimedia.org/wikipedia/commons/thumb/4/4c/Flag_of_Sweden.svg/128px-Flag_of_Sweden.svg.png'),
(14, 'Royaume-Uni', 'La cuisine britannique est la cuisine typique du Royaume-Uni et de certains pays du Commonwealth, et l''ensemble de leurs traditions et pratiques culinaires. Historiquement, la cuisine britannique peut être résumée de la sorte : « Des plats simples faits avec des ingrédients locaux de qualité, assortis avec des sauces simples pour accentuer la saveur, plutôt que la masquer. »1\r\n\r\nCependant, la cuisine britannique a absorbé l''influence culturelle de ceux qui se sont établis en Grande-Bretagne, produisant des plats hybrides, tels que le Poulet tikka masala anglo-indien, proclamé « véritable plat national des Anglais »2. Diffamée comme « lourde et dénuée d''imagination », la cuisine britannique a longtemps été limitée au petit déjeuner complet et au dîner de Noël dans son identification internationale3.\r\n\r\nCependant, l''agriculture celtique et l''élevage ont produit une large variété de produits alimentaires pour les natifs celtes et britanniques. L''Angleterre anglo-saxonne a développé la cuisson à l''étouffée de la viande et d''herbes aromatiques avant que la pratique ne devienne commune en Europe. La conquête normande a introduit les épices exotiques en Grande-Bretagne au Moyen Âge3. L''Empire britannique a facilité une connaissance de la tradition culinaire indienne des « Épices et herbes fortes et pénétrantes »3.\r\n\r\nOn dit que la politique de rationnement de la nourriture, mise en place par le gouvernement britannique au cours des périodes de guerre du xxe siècle4, a contribué à la réputation pauvre de la cuisine britannique à l''international3. Les plats britanniques incluent le fish and chips, le rôti du dimanche, et les bangers and mash (sortes de saucisses servies avec de la purée, des oignons et du jus). La cuisine britannique a plusieurs déclinaisons nationales et régionales, comme la cuisine anglaise, la cuisine écossaise et la cuisine galloise, qui ont chacune développé leurs propres plats régionaux ou locaux, dont la majorité sont géographiquement identifiés, comme le fromage du Cheshire, le Yorkshire pudding, le Welsh rarebit et l’Arbroath smokie.', 3, 'https://upload.wikimedia.org/wikipedia/commons/thumb/a/ae/Flag_of_the_United_Kingdom.svg/160px-Flag_of_the_United_Kingdom.svg.png'),
(15, 'Irlande', 'De très nombreux plats intègrent dans leur recette la pomme de terre. Le colcannon est un plat fait avec de la pomme de terre, de l’ail nouveau et du chou. Le champ est une combinaison de purée de pomme de terre, d’œuf et d''oignons nouveaux.\r\n\r\nParmi les nombreux exemples de plats irlandais simples on trouve l’Irish stew (ragoût irlandais), les bangers and mash (pommes de terre écrasées et saucisses), le Boxty et le bacon au chou (bouillis ensemble dans de l’eau). Un autre plat est plus spécialement représentatif de Dublin : le coddle (la marmite dublinoise). L’Irlande est célèbre pour son petit déjeuner traditionnel dont la recette reste immuable même si des variantes régionales existent.\r\n\r\nLes poissons et fruits de mer n’ont jamais fait partie des menus irlandais, même si, et c’est donc un paradoxe, l’Irlande est une île. La tendance est néanmoins en train de s’inverser. Les fruits de mer sont en train de se faire une place sur les tables irlandaises (spécialement les crevettes de la baie de Dublin et les huîtres de Galway). Les Irlandais ne consomment que très peu de variétés de poissons, le saumon et le cabillaud se partagent les faveurs des irlandais.', 3, 'https://upload.wikimedia.org/wikipedia/commons/thumb/4/45/Flag_of_Ireland.svg/160px-Flag_of_Ireland.svg.png');

-- --------------------------------------------------------

--
-- Structure de la table `recette`
--

CREATE TABLE IF NOT EXISTS `recette` (
  `id` int(10) unsigned NOT NULL AUTO_INCREMENT,
  `titre` varchar(150) NOT NULL,
  `ladesc` text NOT NULL,
  `ladate` timestamp NOT NULL DEFAULT CURRENT_TIMESTAMP ON UPDATE CURRENT_TIMESTAMP,
  `pays_id` int(10) unsigned NOT NULL,
  `util_id` int(10) unsigned NOT NULL,
  PRIMARY KEY (`id`),
  KEY `fk_recette_pays1_idx` (`pays_id`),
  KEY `fk_recette_util1_idx` (`util_id`)
) ENGINE=InnoDB  DEFAULT CHARSET=utf8 AUTO_INCREMENT=18 ;

--
-- Contenu de la table `recette`
--

INSERT INTO `recette` (`id`, `titre`, `ladesc`, `ladate`, `pays_id`, `util_id`) VALUES
(1, 'Brochettes japonaises ', '- 500 g de poulet haché\r\n- 2 jaunes d''œuf\r\n- 2 cuillères à café de sucre\r\n- 6 cuillères à soupe de chapelure\r\n- 20 cuillères à soupe de sauce soja\r\n- 8 piques à brochettes en bois\r\n\r\nMélanger ensemble le poulet haché, les jaunes d''oeuf, 6 cuillères à soupe de sauce soja, le sucre et la chapelure. Avec les doigts, mouler 24 boulettes. Préchauffer le four à 200ºC (thermostat 7). Disposer la grille et la lèche-frite juste en dessous, dans le four.\r\n\r\nPiquer 3 boulettes sur chaque pique et bien badigeonner de sauce soja. Poser les brochettes sur la grille du four et cuire pendant 15 minutes. Retourner les brochettes et cuire encore pendant 10 minutes. Badigeonner de temps en temps avec de la sauce soja.\r\nPour finir\r\nServir avec la sauce soja récupérée dans la lèche-frite. ', '2016-04-22 12:30:36', 3, 1),
(2, 'Tortilla', 'Ingrédients (pour 6 personnes) : \r\n- 1 kg de pommes de terre\r\n- 8 oeufs\r\n- un gros oignon (pour une grande poële)\r\n- sel et poivre\r\n\r\nTemps de préparation : 15 minutes\r\nTemps de cuisson : 30 minutes\r\n\r\nEplucher et découper les pommes de terre en rondelle de 1/2 cm d&#039;épaisseur environ.\r\n\r\nEplucher l&#039;oignon et le couper en petits morceaux.\r\n\r\nMettre tous ces ingrédients dans la poêle. Celle-ci doit être remplie juqu&#039;à mi-hauteur.\r\n\r\nCouvrir d&#039;huile d&#039;olive (il faut que toutes les pommes de terre baignent dans l&#039;huile). Couvrir la poêle d&#039;un couvert (important : il faut que les pommes de terre cuisent à la fois dans l&#039;huile et à la vapeur).\r\n\r\nUne fois les pommes de terre bien cuites (il faut que le pointe d&#039;un couteur puisse s&#039;y enfoncer sans peine), vider l&#039;huile d&#039;olive dans un récipient.\r\n\r\nVerser les pommes de terre et oignon dans un saladier. Ajouter les oeufs battus, salés et poivrés. Il faut qu&#039;il y ait suffisamment d&#039;oeufs pour que la tortilla soit bien liée.\r\n\r\nMélanger doucement (ne pas faire de la purée de pommes de terre !)\r\n\r\nRemettre dans la poële 2 - 3 mm d&#039;huile d&#039;olive et y verser le mélange. Faire cuire à feu doux un côté de la tortilla.\r\nUne fois le fond bien doré, retourner la tortilla sur une assiette. Cette opération est délicate car les oeufs sur le dessus ne sont pas cuits et l&#039;huile dans le fond est très chaude.\r\nRemettre un peu d&#039;huile dans la poêle si nécessaire et y faire glisser la tortilla, afin de faire dorer l&#039;autre côté.\r\n\r\nUne fois les deux côtés dorés, glisser la tortilla dans une assiette.', '2016-04-24 22:00:00', 6, 2),
(3, 'Cookies américains aux pépites de chocolat noir et aux noix de pécan', '- 250 g de farine\r\n- 1/2 sachet de levure\r\n- 125 g de sucre blanc, en poudre\r\n- 125 g de cassonade\r\n- 125 g de beurre\r\n- 1 oeuf\r\n- 1 sachet de sucre vanillé\r\n- 1 pincée de sel\r\n- 1 sachet de pépites au chocolat noir\r\n- 1 sachet de noix de pécan\r\n\r\n\r\nPesez les ingrédients.\r\n\r\nDans un saladier, mélangez la farine, la levure, les sucres, le sel et le sucre vanillé.\r\n\r\nFaites fondre le beurre.\r\n\r\nDans un bol, battez l’œuf et ajoutez y le beurre fondu.\r\n\r\nMettez la préparation beurre + œuf, dans la préparation de farine et de sucres, d''un seul coup.\r\n\r\nConcassez les noix de pécan.\r\n\r\nAjoutez les pépites et les noix de pécan, concassées.\r\n\r\nMélangez avec une cuillère en bois.\r\n\r\nLaissez reposer au réfrigérateur, environ, 1 heure.\r\n\r\nPendant ce temps, préchauffez le four à 210°C.\r\n\r\nFaçonnez les cookies et disposez les sur une plaque recouverte de papier sulfurisé.\r\n\r\nEnfournez 10 minutes (par fournée).\r\n\r\nLaissez refroidir avant de les décoller et placez les sur un plateau.', '2016-04-22 12:40:33', 10, 3),
(4, 'Nouilles chinoises et crevettes au paprika au wok', '- 250 g de pâtes chinoises\r\n- 500 g de crevettes décortiquées, sans queues (congelé)\r\n- 300 g de poêlées asiatiques (congelé, pesé congelé)\r\n- 2 c. à soupe de sauce soja\r\n- 2 bonnes pincées de paprika en poudre\r\n- 3 c. à soupe d''huile d''olive\r\n- sel\r\n\r\n\r\nPour commencer, faites revenir les légumes asiatiques dans le wok.\r\n\r\nUne fois qu''ils sont fondus, ajoutez les crevettes.\r\n\r\nPendant ce temps, faites bouillir de l''eau non salée dans une grande casserole. Éteignez le feu et ajoutez les nouilles\r\n\r\nLaissez reposer 5 minutes. Détachez les pâtes avec une fourchette et égouttez.\r\n\r\nRéservez.\r\n\r\nUne fois que tout est bien revenu dans le wok (c''est à dire les légumes et les crevettes) ajoutez le paprika et salez, mélangez bien.\r\n\r\nAjoutez les nouilles et mélangez à nouveau de sorte que les crevettes-légumes se mêlent bien aux pâtes.\r\n\r\nTerminez par la sauce soja et remuez.\r\n\r\nLaissez cuire encore pendant 5 minutes et servez...\r\n', '2016-04-22 12:33:29', 4, 2),
(5, 'Tajine de kefta', 'Pour 4 personnes \r\n\r\nPour les boulettes\r\n- Sel et poivre\r\n- 4 œufs\r\n- 1/2 c à c de gingembre en poudre\r\n- 1 c à c de paprika\r\n- 1 c à s de persil haché\r\n- 1 c à c de cumin\r\n- 500g de viande hachée\r\n\r\nPour la sauce \r\n- 1/2 c à c de gingembre en poudre\r\n- 6 c à s d''huile d''olive\r\n- Sel et poivre\r\n- 1 c à c de paprika\r\n- 1 c à c de cumin\r\n- 1 oignon haché\r\n- 1 c à s de persil haché\r\n- 1 gousse d''ail hachée\r\n- 3 tomates concassées\r\n\r\nPréparation de la sauce : \r\nCommencez par hacher l''oignon et l''ail.\r\nEnsuite, dans une poêle chaude, faites fondre un peu de beurre.\r\nAjoutez l''oignon et l''ail haché, ainsi que la pulpe de tomate et le persil haché.\r\nLaissez mijoter sur feu doux.\r\n\r\nPréparation des boulettes :\r\nDans un deuxième saladier, mélangez la viande hachée, le reste du persil haché, le sel, le gingembre, le cumin et le paprika (même épices dans la viande hachée que dans la sauce).\r\n\r\nUne fois, la farce prête, formez les boulettes de la taille de votre choix. \r\n\r\nDéposez les boulettes dans la sauce, qui est en train de mijoter.\r\n\r\nAprès 5 minutes de cuisson, ajoutez les oeufs entiers, en les cassant délicatement pour ne pas les percer.\r\nPoursuivez la cuisson quelques minutes, en faisant attention que les oeufs ne cuisent pas trop (le jaune doit rester coulant).\r\n\r\nServez directement sur table, dans le plat à tajine, avec du pain marocain.\r\n', '2016-04-22 12:35:12', 7, 2),
(6, 'Faijitas mexicaines', '- 4 tortillas\r\n- 500 g de boeuf haché\r\n- 1 oignon\r\n- 2 tomates\r\n- 1 petite boîte de haricots rouges cuits\r\n- 1 petite boîte de concentré de tomate\r\n- feuilles de salade\r\n- sauce au cheddar\r\n- huile d''olive\r\n- sel, poivre\r\n\r\nPelez et hachez l''oignon.\r\n\r\nNettoyez et coupez une tomate en petits dés.\r\n\r\nFaites chauffer 1 c. à soupe d''huile d''olive dans une poêle.\r\n\r\nFaites suer l''oignon jusqu''à ce qu''il soit translucide.\r\n\r\nAjoutez le boeuf haché et la tomate en cubes et laissez cuire 5 minutes.\r\n\r\nAjoutez le concentré de tomate, du sel et du poivre puis laissez mijoter pendant 15 minutes environ, en mélangeant bien.\r\n\r\nPendant ce temps, lavez et essorez les feuilles de salade.\r\n\r\nÉgouttez les haricots rouges.\r\n\r\nNettoyez et coupez la dernière tomate en quartiers.\r\n\r\nFaites chauffer la sauce au cheddar au micro-ondes.\r\n\r\nGarnissez les tortillas avec les feuilles de salade, la préparation au boeuf, les haricots rouges, les quartiers de tomate et la sauce au cheddar.\r\n\r\nRepliez les bords des tortillas et dégustez sans attendre les fajitas.', '2016-04-22 12:39:10', 9, 1),
(7, 'Salade de poulet aux kiwis et au melon', '- 500 g de blanc de poulet\r\n- 3 kiwis\r\n- 2 melons\r\n- 1 laitue\r\n- 1 botte de cébettes (petits oignons blancs)\r\n- 12 brins de ciboulette\r\n- 2 c. à soupe de graines de sésame\r\n- 2 c. à soupe de vinaigre de cidre\r\n- 6 c. à soupe de huile d''arachide\r\n- sel, poivre\r\n\r\n\r\nÉTAPE 1 Faites cuire les blancs de poulet pendant 10 min à la vapeur.\r\n\r\nÉTAPE 2 Egouttez-les, laissez-les refroidir et découpez-les en lamelles.\r\n\r\nÉTAPE 3 Découpez les melons en 2, retirez les graines et la peau puis découpez la chair en cubes.\r\n\r\nÉTAPE 4 Pelez les kiwis et découpez-les en rondelles.\r\n\r\nÉTAPE 5 Lavez les cébettes et découpez-les en rondelles.\r\n\r\nÉTAPE 6 Nettoyez et lavez la laitue.\r\n\r\nÉTAPE 7 Dressez les assiettes avec quelques feuilles de laitue, les lamelles de poulet, les cubes de melon, les tranches de kiwis et les rondelles de cébettes.\r\n\r\nÉTAPE 8 Émulsionnez la vinaigrette avec l''huile, le vinaigre, le sel et le poivre.\r\n\r\nÉTAPE 9 Répartissez cette vinaigrette sur les assiettes, décorez avec les brins de ciboulette et saupoudrez de graines de sésame.\r\n\r\nÉTAPE 10 Servez frais.\r\n', '2016-04-22 12:29:05', 2, 3),
(8, 'Salade de riz sauvage et de grains de blé', '- 250 ml de grains de blé naturels   \r\n- 180 ml de riz sauvage   \r\n- 250 ml d’orge mondé     \r\n- 1/4 t (60 ml) d’huile de canola   \r\n- 1/4 t (60 ml) de sauce soja   \r\n- 1/4 t (60 ml) de jus de citron   \r\n- 1 c. à tab de moutarde de Dijon   \r\n- 2 gousses d’ail hachées finement\r\n- 1/4 c. à thé de sel   \r\n- 1/4 c. à thé  de poivre noir du moulin   \r\n- 4 oignons verts coupés en tranches fines\r\n- 1 poivron rouge coupé en dés\r\n- 1/3 t (80 ml) de raisins secs   \r\n- 1/2 t (125 ml) de noix de cajou non salées, grillées et hachées\r\n- 1/2 t (125 ml) de graines de tournesol non salées, écalées et grillées\r\n\r\nPréparation\r\nPorter à ébullition une casserole d’eau bouillante salée. Ajouter les grains de blé, couvrir et laisser mijoter pendant environ 1 1/4 heure ou jusqu’à ce qu’ils soient tendres, mais encore fermes. Égoutter. Entre-temps, porter à ébullition une autre casserole d’eau bouillante salée. Ajouter le riz sauvage, couvrir et laisser mijoter pendant environ 45 minutes ou jusqu’à ce qu’il soit tendre et que les grains ouvrent. Égoutter. Entre-temps, porter à ébullition une troisième casserole d’eau bouillante salée. Ajouter l’orge, couvrir et laisser mijoter, en brassant de temps à autre, pendant environ 20 minutes ou jusqu’à ce qu’il soit tendre. Égoutter.\r\n \r\nDans un grand bol, à l’aide d’un fouet, mélanger l’huile, la sauce soja, le jus de citron, la moutarde de Dijon, l’ail, le sel et le poivre. Ajouter les grains de blé, le riz sauvage, l’orge, les oignons verts, le poivron et les raisins secs et mélanger pour bien enrober tous les ingrédients. (Vous pouvez préparer la salade jusqu’à cette étape et la couvrir. Elle se conservera jusqu’à 3 jours au réfrigérateur.) Au moment de servir, ajouter les noix de cajou et les graines de tournesol et mélanger.', '2016-04-22 12:37:02', 1, 2),
(9, 'Gaspacho express', 'Temps de préparation : 15 minutes\r\n\r\nTemps de cuisson : 0 minutes\r\n\r\nIngrédients (pour 4 personnes) : \r\n- 1 grosse boîte de tomates\r\n- 1/2 poivron vert\r\n- 1/2 concombre\r\n- 1 échalote grise ou 1 très petit oignon coupé en 2\r\n- 1 gousse d&#039;ail entière\r\n- 2 cuillères à soupe d&#039;huile d&#039;olive\r\n- 1/2 cuillère à café de vinaigre balsamique\r\n- tabasco ou cayenne (au goût)\r\n- 1/2 cuillère à café de sucre\r\n- sel et poivre\r\n- 15 cl d&#039;eau\r\n\r\n\r\nMettre tous les ingrédients coupés grossièrement dans un mixer.\r\nDémarrer l&#039;appareil à petite vitesse et terminer à grande vitesse. Si vous êtes pressés, mettre au congélateur 30 minutes. Sinon, le plus longtemps possible au réfrigérateur.\r\nAjouter des glaçons au moment de servir.', '2016-04-22 12:46:19', 6, 2),
(10, 'Okonomiyaki ou &#039;crêpe&#039; japonaise', 'Temps de préparation : 15 minutes\r\n\r\nTemps de cuisson : 10 minutes\r\n\r\nIngrédients (pour 1 personne) : \r\n- 100 g de farine tamisée\r\n- 10 cl d&#039;eau ou de bouillon de poisson\r\n- 2 grandes feuilles de chou blanc\r\n- 1 oeuf\r\n\r\nPour la garniture au choix :\r\n- 4 fines tranches de lard\r\n- 1 poignée de grosses crevettes\r\n- 1 carré de cabillaud surgelé (ou autre poisson)\r\n- sauce worcestershire japonaise (&quot;Bulldog sauce&quot;) Attention, elle est sucrée et différente de la Worcester sauce anglaise\r\n- Nori émietté (de préférence), ou autres algues (facultatif)\r\n- mayonnaise (facultatif)\r\n\r\nPréparation de la recette :\r\n\r\n\r\nMultipliez les ingrédients par le nombre de personnes.\r\n\r\nSortez à l&#039;avance le poisson ou les crevettes s&#039;ils sont surgelés, pour qu&#039;ils décongèlent à température ambiante.\r\n\r\nDans un grand bol, mettez la farine, l&#039;eau salée ou le bouillon de poisson, les oeufs. Battez jusqu&#039;à l&#039;obtention d&#039;une pâte lisse.\r\n\r\nEmincez le chou très finement. Mélangez-le à la pâte.\r\n\r\nCoupez le poisson en morceaux ou décortiquez les crevettes.\r\n\r\nSi vous avez choisi le poisson, mélanger le délicatement à la pâte, pour ne pas en faire de la bouillie.\r\n\r\nFaite chauffer la poêle à feu moyen avec un peu d&#039;huile. Si vous avez choisi le lard, ne mettez pas d&#039;huile mais faites-le revenir seul au début dans la pôele. Répartissez les crevettes et / ou les morceaux de sèche dans la poêle. Versez la pâte par dessus. Couvrez.\r\n\r\nLaissez cuire 5 mn minimum, le temps que la pâte soit bien saisie et commence à dorer.\r\n\r\nRetournez la &quot;crêpe&quot;, en la découpant en parts si nécessaire. Couvrez et laissez cuire encore quelques minutes. Avec un pinceau ou une cuiller à soupe, recouvrez la &quot;crêpe&quot; de Bulldog sauce. Retournez encore la crêpe, afin de faire caraméliser la sauce. Recouvrez la seconde face de sauce, puis lorsque la 1ère face est caramélisée, retournez de nouveau la &quot;crêpe&quot; pour faire caraméliser l&#039;autre face. Enfin, mettez à nouveau une fine couche de sauce, et parsemez légèrement de nori en miettes (pas trop, c&#039;est très salé !).\r\n\r\nServez, en mettant à table la bulldog sauce et le nori pour les amateurs. Essayez aussi de l&#039;accompagner de mayonnaise, c&#039;est une façon &quot;moderne&quot; de déguster ce plat délicieux au Japon.', '2016-04-22 12:47:56', 3, 1),
(11, 'Pasta e patate rossa', 'Ingrédients pour 4 personnes\r\n\r\nPâtes courtes \r\n– 320 g (gnocchetti sardi, cubetti, conchiglie, pipe rigate)\r\nPommes de terre – 400 g\r\nSauce tomate – 2 boîtes de 800 g\r\nOignon – 1\r\nRicotta de brebis séchée\r\nHuile d’olive vierge extra\r\nSel\r\nPoivre\r\nPréparation de la pasta e patate rossa\r\n\r\nTout d’abord, préparez la sauce tomate. Coupez un oignon et faites-le revenir dans une poêle à hauts rebords ou dans une casserole avec de l’huile d’olive, pendant cinq minutes environ. Ajoutez la sauce tomate, un peu d’eau, du sel et du poivre, et faites cuire pendant au moins 30 minutes à feu moyen.\r\n\r\nÉpluchez les pommes de terre et coupez-les en dés (ni trop grands et pas trop petits). Versez-les dans une casserole, ajoutez de l’eau (suffisamment pour faire cuire les pommes de terre et les pâtes en même temps), et portez à ébullition. Ajoutez du gros sel et les pâtes, et faites cuire en suivant le temps de cuisson indiqué sur le paquet.\r\n\r\nÉgouttez le tout, et mélangez avec la sauce tomate, en ajoutant de la ricotta séchée râpée. Servez et ajoutez du fromage râpé.\r\n\r\nConseils\r\n\r\nSi vous n’avez pas de ricotta de brebis séchée, vous pouvez la remplacer par du Pecorino.', '2016-04-29 09:09:54', 11, 1),
(12, 'Cacio e Pepe', 'Ingrédients pour 4 personnes\r\n\r\nTonnarelli o Spaghetti alla chitarra – 400 g\r\nPecorino romain – 12 cuillères à soupe pour la sauce\r\nPoivre noir moulu – 2 petite cuillères\r\nPréparation des spaghetti cacio e pepe\r\n\r\nDans une grande casserole, faites cuire les pâtes dans de l’eau bouillante avec la moitié de la quantité de sel que vous utilisez d’habitude (le fromage et le poivre feront le reste).\r\n\r\nEn même temps, dans une grande poêle ou un large récipient, mettez le pecorino romano râpé et le poivre moulu, ajoutez de l’eau de cuisson des pâtes et mélangez. Petit à petit vous obtiendrez une sorte de crème/ricotta. Ce sera votre sauce. Si elle vous semble trop liquide, ajoutez du pecorino, et, au contraire, si elle vous semble trop sèche ajoutez de l’eau de cuisson.\r\n\r\nUne fois les pâtes cuites, égouttez-les, mais pas trop, et récupérez de l’eau de cuisson. Versez les spaghetti dans la sauce. Cette opération doit être réalisée à froid, sans feu. Commencez par mélanger le tout rapidement en ajoutant de l’eau de cuisson. Quand l’aspect des pâtes vous satisfait (ni trop sèches ni trop liquides), servez en ajoutant encore du pecorino et du poivre.\r\n\r\nConseils\r\n\r\nPour ce plat vous pouvez utiliser des spaghetti traditionnels ou des rigatoni.', '2016-04-29 09:09:54', 11, 2),
(13, 'Zaletti ou Zaeti', 'Ingrédients pour 30-35 biscuits\r\n\r\nFarine T45 – 200 g\r\nFarine de maïs – 200 g\r\nSucre – 150 g\r\nBeurre – 150 g\r\nJaunes d’œuf – 4\r\nRaisins secs – 100 g\r\nCitron – 1/2 (zeste)\r\nSel – 1 pincée\r\nGrappa\r\n\r\nPréparation des zaletti\r\n\r\nCommencez par faire tremper les raisins secs dans de la grappa et coupez le beurre en petits morceaux. Dans une terrine, battez les jaunes d’œuf avec le sucre et au fur et à mesure ajoutez les deux farines mélangées, une pincée de sel, les zestes de citron et le beurre.\r\n\r\nTravaillez énergiquement votre pâte et, à la fin, ajoutez les raisins ramollis. Puis, formez un boudin d’un diamètre de 5 à 6 cm, et coupez-le en tranches d’environ un demi-centimètre. Enfin, donnez-leur une forme de losange ou allongez-les simplement. Vos biscuits sont prêts à être enfournés.\r\n\r\nzaeti\r\n\r\nPréchauffez votre four à 180°C, puis faites cuire les biscuits sur une plaque recouverte de papier cuisson. Pour des biscuits jaunes et friables, laissez cuire pendant une dizaine minutes. Pour un biscuit plus sec, les zaletti peuvent cuire jusqu’à vingt minutes, ce qui les fera dorer un peu plus, et perdre leur couleur jaune pour une couleur plus ambrée. Question de goûts.\r\n\r\nConseils\r\n\r\nSi vous ne trouvez pas de grappa pour faire tremper les raisins, vous pouvez utiliser du rhum.\r\n\r\nVous pouvez conserver vos biscuits dans une boîte en métal pendant plusieurs jours.', '2016-04-29 09:09:54', 11, 3),
(14, 'Recette Pastéis de nata (petits flans portugais)', 'Ingrédients / pour 12 personnes\r\n\r\n0,5 l de lait\r\n250 g de sucre\r\n35 g de farine\r\n5 oeufs\r\n1 pincée de sel\r\n1 gousse de vanille\r\njus de citron\r\n1 pâte feuilletée\r\n\r\nPRÉPARATION\r\n\r\n1 Cuire le lait dans une casserole avec la gousse de vanille fendue en 2. Mêlanger dans un saladier la farine, le sucre et le sel.\r\n\r\n2 Lorsque le lait arrive à ébullition, retirer la casserole du feu, enlever la gousse de vanille en lui retirant ses petites graines pour les mettre dans le lait. Mélanger avec la préparation avec la farine, le sucre et le sel.\r\n\r\n3 Rajouter 4 jaunes d''oeuf et 1 oeuf entier, ainsi que 3 cuillères à soupe du jus de citron. Mélanger le tout énergiquement.\r\n\r\n4 Étaler la pâte feuilletée dans les petits moules à "pastéis de nata" ; avec une cuillère à soupe, verser la préparation dans les moules.', '2016-04-29 09:09:54', 12, 1),
(15, 'Recette Sauté de veau de Lisbonne', 'Ingrédients / pour 4 personnes\r\n\r\n600 g (ou +) de morceaux de veau pour "sauté ou blanquette"\r\n1/2 chorizo extra fort coupé en petites rondelles\r\n8 belles pommes de terre coupées en deux\r\n1 poignée d''olives noires\r\n1 petite boîte de concentré de tomates (soit 3 cuillères à soupe)\r\n1 verre de Porto rouge ou blanc\r\n1 verre d''eau\r\n1 oignon\r\n1 gousse d''ail\r\n1 branche de thym\r\nsel et poivre\r\n\r\nPRÉPARATION \r\n\r\n1 Couper la viande en gros cubes. La faire dorer dans une cocotte avec un peu d’huile l''olive quelques minutes. Ajouter ensuite l''oignon émincé et le faire roussir.\r\n\r\n2 Verser sur la viande l''eau et le Porto. Y délayer le concentré de tomates.\r\n\r\n3 Ajouter le reste des ingrédients. Saler (modérément à cause des olives) et poivrer.\r\nPour finir\r\nPoser le couvercle sur la cocotte et laisser mijoter doucement pendant 1 heure 1/2 en rajoutant un peu d''eau si la sauce vous paraît trop courte, vers la fin de la cuisson.', '2016-04-29 09:09:54', 12, 1),
(16, 'Recette Saumon gravlax', 'Ingrédients / pour 4 personnes\r\n\r\n2 filets de saumon\r\n1 cuillère à soupe et demi de gros sel\r\n1 cuillère à soupe de sucre cassonade\r\n1/2 cuillère à café de poivre noir\r\nAneth\r\n\r\nPRÉPARATION\r\n\r\n1 Mélanger sel, sucre, poivre et aneth. Étaler un film étirable de belle largeur dans un plat légèrement convexe. Rincer et éponger les filets de saumon et les disposer sur un lit composé de la moitié du mélange ci-dessus. Recouvrir de l’autre moitié de mélange. Refermer soigneusement le film étirable. Déposer un poids dessus.\r\n\r\n2 Laisser poser 12 heures au frigo. Au bout de 12 heures, retirer l’excédent d’eau, retourner les filets et refermer le film étirable. Redéposer le poids, et zouh, dans le frigo, pendant encore 12 heures.\r\n\r\n3 Au bout de ces deux longues attentes, sortir délicatement le saumon de son emballage translucide. Trancher finement et servir en entrée pour quatre avec un assortiment de la mer de votre choix ou une sauce gravlax (genre de mayonnaise).\r\nPour finir\r\n\r\nImportant : si, en goûtant, le saumon s’avère trop sucré ou trop salé ou trop quelque chose, il est possible de le rincer sous le robinet puis de l’éponger avant de le découper et de le servir. Tout n’est pas perdu.', '2016-04-29 09:12:18', 13, 2),
(17, 'Recette Pain polaire', 'Ingrédients / pour 4 personnes\r\n\r\n500 g de farine de blé\r\n200 ml d''eau\r\n1/2 cube de levure de boulanger fraîche (ou un sachet de levure de boulanger déshydratée)\r\n60 g de crème fraîche épaisse\r\n10 g de sucre roux\r\nUne pincée de sel\r\n10 g de graines de fenouil\r\n\r\nPRÉPARATION\r\n\r\n1 Pétrir tous les ingrédients ensemble pendant 10 à 15 minutes, au robot ou vigoureusement à la main, jusqu''à obtenir une boule homogène (ajuster éventuellement la quantité d''eau et de farine), puis laisser gonfler pendant une heure. Abaisser la pâte au rouleau à pâtisserie, puis faire des trous sur toute la surface avec une fourchette. Laisser détendre 20 minutes au réfrigérateur, puis découper des disques de la taille d''une petite assiette.\r\n\r\n2 Laisser reposer une heure. Retourner ensuite les disques et faire des trous à la fourchette sur l''autre face. Déposer le premier disque dans une poêle chaude (sans ajouter de matière grasse).\r\n\r\n3 Faire cuire ainsi chaque pain à feu doux, environ 30 secondes par face. La surface doit dorer légèrement, mais rester claire.\r\n\r\n4 Laisser tiédir les pains polaires et les empiler pour éviter qu''ils ne se dessèchent.', '2016-04-29 09:12:18', 13, 2);

-- --------------------------------------------------------

--
-- Structure de la table `util`
--

CREATE TABLE IF NOT EXISTS `util` (
  `id` int(10) unsigned NOT NULL AUTO_INCREMENT,
  `login` varchar(45) NOT NULL,
  `mdp` varchar(45) NOT NULL,
  `ladesc` text NOT NULL,
  `droit_id` int(10) unsigned NOT NULL,
  PRIMARY KEY (`id`),
  UNIQUE KEY `login_UNIQUE` (`login`),
  KEY `fk_user_droit1_idx` (`droit_id`)
) ENGINE=InnoDB  DEFAULT CHARSET=utf8 AUTO_INCREMENT=4 ;

--
-- Contenu de la table `util`
--

INSERT INTO `util` (`id`, `login`, `mdp`, `ladesc`, `droit_id`) VALUES
(1, 'admin', 'admin', 'Super Kevin le gros, aime le chocolat', 1),
(2, 'modo', 'modo', 'petit modo ', 2),
(3, 'redac', 'redac', 'je sais rien faire', 3);

--
-- Contraintes pour les tables exportées
--

--
-- Contraintes pour la table `pays`
--
ALTER TABLE `pays`
  ADD CONSTRAINT `fk_sous-cat-pays_continent` FOREIGN KEY (`continent_id`) REFERENCES `continent` (`id`) ON DELETE NO ACTION ON UPDATE NO ACTION;

--
-- Contraintes pour la table `recette`
--
ALTER TABLE `recette`
  ADD CONSTRAINT `fk_recette_pays1` FOREIGN KEY (`pays_id`) REFERENCES `pays` (`id`) ON DELETE NO ACTION ON UPDATE NO ACTION,
  ADD CONSTRAINT `fk_recette_util1` FOREIGN KEY (`util_id`) REFERENCES `util` (`id`) ON DELETE NO ACTION ON UPDATE NO ACTION;

--
-- Contraintes pour la table `util`
--
ALTER TABLE `util`
  ADD CONSTRAINT `fk_user_droit1` FOREIGN KEY (`droit_id`) REFERENCES `droit` (`id`) ON DELETE NO ACTION ON UPDATE NO ACTION;

/*!40101 SET CHARACTER_SET_CLIENT=@OLD_CHARACTER_SET_CLIENT */;
/*!40101 SET CHARACTER_SET_RESULTS=@OLD_CHARACTER_SET_RESULTS */;
/*!40101 SET COLLATION_CONNECTION=@OLD_COLLATION_CONNECTION */;
